proto_101.erl	10101	创建角色
proto_101.erl	10102	登录指定角色
proto_101.erl	10103	角色重连
proto_102.erl	10200	操作地图单位
proto_102.erl	10201	请求进入指定场景
proto_102.erl	10210	服务端通知地图切换
proto_102.erl	10211	(无标题)
proto_102.erl	10213	(无标题)
proto_102.erl	10214	(无标题)
proto_102.erl	10215	角色移动事件
proto_102.erl	10216	(无标题)
proto_102.erl	10217	(无标题)
proto_102.erl	10219	(无标题)
proto_102.erl	10220	(无标题)
proto_102.erl	10222	(无标题)
proto_102.erl	10250	(无标题)
proto_102.erl	10260	(无标题)
proto_102.erl	10262	单位离开地图事件
proto_102.erl	10264	单位移动事件
proto_102.erl	10265	单位场景说话
proto_102.erl	10266	(无标题)
proto_103.erl	10300	客户端初始化完毕
proto_103.erl	10301	获取角色基础信息
proto_103.erl	10302	角色资产信息
proto_103.erl	10304	显示主场景
proto_103.erl	10305	角色资产信息更新某几个
proto_103.erl	10306	(无标题)
proto_103.erl	10307	(无标题)
proto_103.erl	10309	个人签名修改
proto_103.erl	10310	掉线提示
proto_103.erl	10312	角色强制下线
proto_103.erl	10315	查看角色信息
proto_103.erl	10316	膜拜目标
proto_103.erl	10317	自己被膜拜次数
proto_103.erl	10318	设置自动PK验证
proto_103.erl	10319	自己跨服冠军赛被膜拜次数
proto_103.erl	10320	自己巅峰冠军赛被膜拜次数
proto_103.erl	10322	设置系统配置
proto_103.erl	10323	获取系统设置
proto_103.erl	10325	头像列表
proto_103.erl	10327	设置头像
proto_103.erl	10328	空间背景列表
proto_103.erl	10329	设置空间背景
proto_103.erl	10342	(无标题)
proto_103.erl	10343	个人改名
proto_103.erl	10344	(无标题)
proto_103.erl	10345	形象信息
proto_103.erl	10346	形象使用
proto_103.erl	10347	形象激活
proto_103.erl	10348	(无标题)
proto_103.erl	10350	活动资产道具
proto_103.erl	10351	角色活动资产信息更新某几个
proto_103.erl	10380	注册时间与开服时间
proto_103.erl	10391	客户端动态调用
proto_103.erl	10392	文件内容
proto_103.erl	10394	服务端通知游客模式超时（游客模式）
proto_103.erl	10395	客户端通知查验身份认证（防沉迷）
proto_103.erl	10396	强制关闭客户端
proto_103.erl	10397	客户端进入后台
proto_103.erl	10399	GM命令
proto_104.erl	10400	已接任务面板
proto_104.erl	10402	(无标题)
proto_104.erl	10403	(无标题)
proto_104.erl	10404	(无标题)
proto_104.erl	10405	(无标题)
proto_104.erl	10406	(无标题)
proto_104.erl	10407	(无标题)
proto_104.erl	10408	(无标题)
proto_104.erl	10409	(无标题)
proto_105.erl	10500	(无标题)
proto_105.erl	10501	(无标题)
proto_105.erl	10502	(无标题)
proto_105.erl	10503	(无标题)
proto_105.erl	10510	(无标题)
proto_105.erl	10511	(无标题)
proto_105.erl	10512	(无标题)
proto_105.erl	10515	使用道具
proto_105.erl	10520	删除物品
proto_105.erl	10521	请求出售获得
proto_105.erl	10522	出售物品到系统
proto_105.erl	10523	合成
proto_105.erl	10524	自动出售设置
proto_105.erl	10525	获取自动出售设置
proto_105.erl	10526	存储空间扩容
proto_105.erl	10528	装备产出效率
proto_105.erl	10530	(无标题)
proto_105.erl	10535	分享物品
proto_105.erl	10536	查看分享物品
proto_108.erl	10800	读取邮件列表
proto_108.erl	10801	提取单个邮件的附件
proto_108.erl	10802	一键提取附件
proto_108.erl	10803	新邮件推送
proto_108.erl	10804	删除没有附件的邮件
proto_108.erl	10805	读取邮件
proto_108.erl	10806	获取指定邮件详细内容
proto_108.erl	10810	客服反馈
proto_108.erl	10811	评价客服反馈
proto_108.erl	10812	客服反馈状态
proto_108.erl	10813	反馈记录
proto_108.erl	10814	后端推送反馈变更
proto_109.erl	10900	封号
proto_109.erl	10901	禁言
proto_109.erl	10902	踢人
proto_109.erl	10905	世界等级
proto_109.erl	10906	开服天数
proto_109.erl	10911	BUFF
proto_109.erl	10912	BUFF更新信息
proto_109.erl	10913	特殊buff显示
proto_109.erl	10922	全服活动的活动状态
proto_109.erl	10923	全服活动的单个活动状态
proto_109.erl	10924	个人活动图标
proto_109.erl	10925	个人活动图标的单个活动状态
proto_109.erl	10926	已领时间福利
proto_109.erl	10927	领取时间福利
proto_109.erl	10928	判断是否白名单
proto_109.erl	10929	点击分享游戏
proto_109.erl	10945	领取卡包(媒体卡,新手卡等)奖励
proto_109.erl	10946	微信活动奖励是否领取
proto_109.erl	10950	获取通知公告信息
proto_109.erl	10951	(无标题)
proto_109.erl	10952	读取通知公告
proto_109.erl	10955	推送软引导
proto_109.erl	10956	软引导结束
proto_109.erl	10957	通知客户端发送战斗信息
proto_109.erl	10958	接收战斗信息
proto_109.erl	10960	实名认证奖励是否领取
proto_109.erl	10961	领取实名认证奖励
proto_109.erl	10971	获取平台账号token
proto_109.erl	10990	(无标题)
proto_109.erl	10991	合服投票状态
proto_109.erl	10992	合服投票结果
proto_109.erl	10993	合服投票
proto_109.erl	10994	0、5点更新
proto_109.erl	10995	合服服务器ID列表
proto_109.erl	10996	新版本客户端版本号
proto_109.erl	10997	服务器版本标签
proto_109.erl	10999	客户端报错日志
proto_11.erl	1110	帐号登录
proto_11.erl	1196	(无标题)
proto_11.erl	1197	包校对
proto_11.erl	1198	网络延时测试
proto_11.erl	1199	心跳包
proto_110.erl	11000	请求伙伴数据
proto_110.erl	11001	伙伴增加,变化通知
proto_110.erl	11002	伙伴属性变化通知
proto_110.erl	11003	伙伴升级
proto_110.erl	11004	伙伴进阶
proto_110.erl	11005	伙伴升星（升星不会产生新的id 会把本体卡英雄更新至新星级）
proto_110.erl	11006	英雄删除通知
proto_110.erl	11007	伙伴属性变化通知(只推送属性变更)
proto_110.erl	11008	碎片合成
proto_110.erl	11009	增加英雄保存上限
proto_110.erl	11010	穿戴装备
proto_110.erl	11011	卸下装备
proto_110.erl	11012	推送装备改变
proto_110.erl	11015	英雄锁定
proto_110.erl	11016	英雄下一阶属性
proto_110.erl	11017	推送新的英雄数量上限
proto_110.erl	11019	使用皮肤
proto_110.erl	11020	已激活的皮肤信息
proto_110.erl	11025	请求全部伙伴基础信息
proto_110.erl	11026	请求伙伴属性
proto_110.erl	11030	神器穿戴/卸下
proto_110.erl	11031	推送神器改变
proto_110.erl	11032	神器升星
proto_110.erl	11033	神器重置
proto_110.erl	11034	神器保存重置技能
proto_110.erl	11035	神器分解
proto_110.erl	11036	神器合成
proto_110.erl	11037	请求神器合成祝福值
proto_110.erl	11038	领取神器合成祝福值奖励
proto_110.erl	11040	请求曾经拥有的全部伙伴
proto_110.erl	11041	请求指定英雄评论信息
proto_110.erl	11042	设置伙伴为喜欢
proto_110.erl	11043	伙伴评论
proto_110.erl	11044	评论点赞
proto_110.erl	11045	伙伴合成
proto_110.erl	11046	推送伙伴总星数改变
proto_110.erl	11047	图书馆加成等级升级
proto_110.erl	11048	神器重置次数
proto_110.erl	11050	请求助阵信息
proto_110.erl	11051	助阵阵容变化保存
proto_110.erl	11052	助阵升级（成功推送11050）
proto_110.erl	11053	助阵阵位解锁
proto_110.erl	11055	融合升星红点处理
proto_110.erl	11056	请求融合升星红点
proto_110.erl	11060	英雄分享
proto_110.erl	11061	查看对方英雄信息
proto_110.erl	11062	查看英雄分享
proto_110.erl	11063	查看英雄属性
proto_110.erl	11065	伙伴回退
proto_110.erl	11066	英雄回退返回材料
proto_110.erl	11070	全服最强数据
proto_110.erl	11071	伙伴重生
proto_110.erl	11072	英雄重生返回材料
proto_110.erl	11073	伙伴属性全变化 推送(处理11002不能处理的改变)
proto_110.erl	11075	英雄重生返回材料
proto_110.erl	11076	英雄分解
proto_110.erl	11077	英雄神格合成
proto_110.erl	11078	英雄神将合成
proto_110.erl	11079	一键合成装备预览
proto_110.erl	11080	合成装备
proto_110.erl	11081	一键合成装备
proto_110.erl	11082	合成日志
proto_110.erl	11083	宝石升级
proto_110.erl	11085	推送宝石共鸣加成改变
proto_110.erl	11086	请求神装对单个伙伴的加成
proto_110.erl	11087	英雄升星返回材料
proto_110.erl	11088	神装出售返回材料
proto_110.erl	11089	神装出售
proto_110.erl	11090	神装保存重置技能
proto_110.erl	11091	推送神装改变
proto_110.erl	11092	请求神装穿戴信息
proto_110.erl	11093	神装穿戴/卸下
proto_110.erl	11094	神装重置
proto_110.erl	11095	除召唤外的获得伙伴通知
proto_110.erl	11096	天赋技能学习
proto_110.erl	11097	天赋技能升级
proto_110.erl	11098	天赋技能遗忘
proto_110.erl	11099	请求天赋技能信息
proto_111.erl	11100	剧情播放（客户端播放返回第几部）
proto_111.erl	11101	服务端触发剧情
proto_111.erl	11102	跳过剧情
proto_111.erl	11110	播放服务端剧情
proto_111.erl	11111	点击剧情单位
proto_111.erl	11120	(无标题)
proto_111.erl	11121	播放引导心跳
proto_111.erl	11122	播放引导结束
proto_111.erl	11123	(无标题)
proto_112.erl	11200	请求自身阵法
proto_112.erl	11201	更换自身阵法(更换成功推送11200)
proto_112.erl	11211	功能阵法信息
proto_112.erl	11212	设置功能阵法
proto_112.erl	11213	多阵法信息
proto_113.erl	11300	请求星宫数据
proto_113.erl	11301	星宫信息变化通知
proto_113.erl	11302	星宫羁绊
proto_113.erl	11303	取消羁绊
proto_113.erl	11304	穿戴命格
proto_113.erl	11305	卸下命格
proto_113.erl	11306	命格升星
proto_113.erl	11307	星命解锁第二羁绊
proto_113.erl	11308	开启星命通知
proto_113.erl	11310	命格升级
proto_113.erl	11311	命格突破
proto_113.erl	11320	星命塔信息
proto_113.erl	11321	购买挑战次数
proto_113.erl	11322	挑战星命塔
proto_113.erl	11323	推送星命塔结算
proto_113.erl	11324	扫荡星命塔
proto_113.erl	11325	请求星命塔通关录像
proto_113.erl	11326	推送星命塔有解锁
proto_113.erl	11327	请求星命塔排行前三数据
proto_113.erl	11328	领取首通奖励
proto_113.erl	11329	推送首通奖励信息变化
proto_113.erl	11330	请求占卜信息
proto_113.erl	11331	占卜
proto_113.erl	11332	运势刷新
proto_113.erl	11333	分享通关录像
proto_127.erl	12700	聊天框列表
proto_127.erl	12701	使用聊天框
proto_127.erl	12702	更新聊天框数据
proto_127.erl	12703	激活聊天框
proto_127.erl	12704	推送禁言或封号账号用于清除聊天
proto_127.erl	12720	私聊
proto_127.erl	12721	推送私聊
proto_127.erl	12722	登录推送离线消息
proto_127.erl	12723	通知客户端已读消息
proto_127.erl	12725	语音信息
proto_127.erl	12726	请求语音缓存
proto_127.erl	12729	退出巅峰冠军赛弹幕状态
proto_127.erl	12730	进入指定弹幕状态(断线重连需重新进入)
proto_127.erl	12731	退出弹幕状态
proto_127.erl	12732	发送弹幕
proto_127.erl	12733	(无标题)
proto_127.erl	12741	提示信息
proto_127.erl	12742	提示获得资产/物品
proto_127.erl	12743	提示信息(并且在聊天框显示)
proto_127.erl	12744	弹框的提示信息
proto_127.erl	12745	(无标题)
proto_127.erl	12761	聊天协议；世界，场景，帮派，队伍，传闻，系统
proto_127.erl	12762	发表聊天;成功不会返回
proto_127.erl	12763	翻译分发;语音翻译1:世界;2:场景;4:帮派;8;队伍;
proto_127.erl	12764	翻译;客户端请求分发翻译1:世界;2:场景;4:帮派;8;队伍;
proto_127.erl	12766	最近的几条聊天消息(帮派和队伍)
proto_127.erl	12767	(无标题)
proto_127.erl	12768	(无标题)
proto_127.erl	12770	(无标题)
proto_127.erl	12771	(无标题)
proto_127.erl	12799	事件提示框
proto_129.erl	12900	请求排行榜数据
proto_129.erl	12901	指定排行榜最后更新时间(当本地存在数据缓存时调用)
proto_129.erl	12902	排行榜界面数据
proto_129.erl	12903	请求联盟排行榜数据
proto_129.erl	12904	请求七天英雄排行榜数据
proto_130.erl	13000	剧情副本数据
proto_130.erl	13001	(无标题)
proto_130.erl	13002	制作下一关卡
proto_130.erl	13003	挑战领主
proto_130.erl	13004	快速战斗
proto_130.erl	13005	扫荡关卡
proto_130.erl	13006	剧情副本常规信息
proto_130.erl	13007	(无标题)
proto_130.erl	13008	通关奖励展示
proto_130.erl	13009	领取通关奖励
proto_130.erl	13010	(无标题)
proto_130.erl	13011	BUFF信息
proto_130.erl	13012	请求剧情章节奖励信息
proto_130.erl	13013	推送剧情章节奖励变更
proto_130.erl	13014	领取剧情章节奖励
proto_130.erl	13015	请求副本通关录像
proto_130.erl	13016	剧情副本战斗结果
proto_130.erl	13017	累计挂机信息
proto_130.erl	13018	领取挂机奖励
proto_130.erl	13019	挂机奖励通知
proto_130.erl	13020	获取推图超越全服玩家百分比(数据扩大了1000)
proto_130.erl	13030	材料副本信息
proto_130.erl	13031	挑战材料副本
proto_130.erl	13032	扫荡材料副本
proto_133.erl	13300	获取好友列表信息
proto_133.erl	13301	(无标题)
proto_133.erl	13302	(无标题)
proto_133.erl	13303	请求加好友,A向服务端请求想加B为好友
proto_133.erl	13304	(无标题)
proto_133.erl	13305	B回应A增加好友结果
proto_133.erl	13306	批量加好友
proto_133.erl	13307	主动删除好友
proto_133.erl	13308	(无标题)
proto_133.erl	13309	批量删除好友
proto_133.erl	13310	(无标题)
proto_133.erl	13311	获取好友申请列表
proto_133.erl	13312	一键清空好友列表
proto_133.erl	13314	好友推存
proto_133.erl	13315	查看好友队伍
proto_133.erl	13316	体力赠送
proto_133.erl	13317	一键赠送
proto_133.erl	13320	好友推存
proto_133.erl	13330	获取黑名单列表信息
proto_133.erl	13331	增加/更新黑名单列表信息
proto_133.erl	13332	增加黑名单
proto_133.erl	13333	删除黑名单
proto_133.erl	13334	一键同意好友请求
proto_134.erl	13401	商店请求
proto_134.erl	13402	兑换
proto_134.erl	13403	请求神秘商店
proto_134.erl	13404	(无标题)
proto_134.erl	13405	手动刷新
proto_134.erl	13406	开启物品格
proto_134.erl	13407	请求神秘商城购买
proto_134.erl	13408	请求是否半价
proto_134.erl	13409	请求积分商店
proto_134.erl	13410	请求积分商店购买
proto_134.erl	13411	请求积分商店手动刷新
proto_134.erl	13412	请求热卖商城
proto_134.erl	13413	热卖商城购买
proto_134.erl	13414	请求商城红点相关
proto_134.erl	13415	请求神器商店
proto_134.erl	13416	请求神器商城购买
proto_134.erl	13417	刷新神器商城
proto_134.erl	13418	(无标题)
proto_134.erl	13419	神格兑换
proto_134.erl	13420	免费次数刷新
proto_135.erl	13500	创建联盟
proto_135.erl	13501	获取联盟列表
proto_135.erl	13503	申请加入联盟
proto_135.erl	13505	同意或者拒绝加入联盟
proto_135.erl	13507	获取申请加入联盟列表
proto_135.erl	13513	从联盟中踢人
proto_135.erl	13514	退帮
proto_135.erl	13516	解散联盟
proto_135.erl	13518	获取本联盟基本信息
proto_135.erl	13519	获取联盟成员列表
proto_135.erl	13520	职位任命
proto_135.erl	13521	修改宣言
proto_135.erl	13522	申请设置
proto_135.erl	13523	联盟捐献基本信息
proto_135.erl	13524	联盟捐献
proto_135.erl	13534	成员红包列表信息
proto_135.erl	13535	发放成员红包
proto_135.erl	13536	领取成员红包
proto_135.erl	13540	联盟红包领取情况
proto_135.erl	13541	一键拒绝
proto_135.erl	13542	(无标题)
proto_135.erl	13545	发红包排名
proto_135.erl	13546	红包类型情况
proto_135.erl	13558	招募广告
proto_135.erl	13559	邀请入帮
proto_135.erl	13560	(无标题)
proto_135.erl	13561	同意邀请入帮
proto_135.erl	13562	请求联盟排名
proto_135.erl	13565	弹劾盟主
proto_135.erl	13568	修改联盟名字
proto_135.erl	13569	联盟合并申请
proto_135.erl	13570	联盟合并回复
proto_135.erl	13571	联盟合并请求信息
proto_135.erl	13572	接收到联盟合并请求信息
proto_135.erl	13573	联盟红点
proto_135.erl	13574	领取捐献进度宝箱
proto_135.erl	13575	更新捐献进度值
proto_135.erl	13576	欢迎新人
proto_135.erl	13577	公会日志
proto_135.erl	13578	推送新日志
proto_135.erl	13579	一键提醒
proto_135.erl	13580	发送联盟联盟邮件
proto_136.erl	13601	请求七日活动
proto_136.erl	13602	请求七日活动领取
proto_136.erl	13603	推送七日成长目标改变
proto_136.erl	13604	任务信息
proto_136.erl	13605	任务信息更新
proto_136.erl	13606	提交任务
proto_136.erl	13607	等级奖励展示
proto_136.erl	13608	领取等级礼包（成功推送13607）
proto_136.erl	13609	等级变更（只会主动推）
proto_141.erl	14100	签到信息
proto_141.erl	14101	领取签到奖励
proto_141.erl	14102	体力领取信息
proto_141.erl	14103	体力领取
proto_141.erl	14104	(无标题)
proto_164.erl	16400	已接成就列表
proto_164.erl	16401	已接成就列表
proto_164.erl	16402	领取成就奖励
proto_166.erl	16601	所有活动(第一次打开请求)
proto_166.erl	16602	请求所有活动未领取奖励
proto_166.erl	16603	子活动
proto_166.erl	16604	领取奖励
proto_166.erl	16605	活动是否开启
proto_166.erl	16606	(无标题)
proto_166.erl	16607	(无标题)
proto_166.erl	16610	(无标题)
proto_166.erl	16620	子活动
proto_166.erl	16630	边玩边下奖励状态
proto_166.erl	16631	领取边玩边下奖励
proto_166.erl	16633	微信公众号状态
proto_166.erl	16634	点击微信公众号
proto_166.erl	16635	手机绑定奖励状态
proto_166.erl	16636	领取手机绑定奖励
proto_166.erl	16637	抽奖活动信息
proto_166.erl	16638	抽奖活动抽奖
proto_166.erl	16639	抽奖活动推送数据变化
proto_166.erl	16640	抽奖领取幸运值奖励
proto_166.erl	16641	推送探宝日志变化
proto_166.erl	16642	探宝刷新
proto_166.erl	16643	抽奖2
proto_166.erl	16650	请求点金排行奖励信息
proto_166.erl	16660	请求活动商城信息
proto_166.erl	16661	活动商城购买
proto_166.erl	16665	满减购买
proto_166.erl	16666	红点计算(在客户端点击了活动界面后，回传bid，服务端记录 用于处理点击后红点显示)
proto_166.erl	16670	请求活动转盘信息
proto_166.erl	16671	转盘抽奖
proto_166.erl	16672	转盘活动客户端播报完成
proto_166.erl	16673	转盘活动领取积分奖励
proto_166.erl	16674	转盘活动日志(全服日志会主动推送)
proto_166.erl	16675	转盘活动购买道具
proto_166.erl	16676	转盘活动广播钻石变化
proto_166.erl	16680	当前砸蛋状态
proto_166.erl	16681	刷新砸蛋（成功返回16680）
proto_166.erl	16682	砸蛋
proto_166.erl	16683	全部砸蛋
proto_166.erl	16684	砸蛋购买锤子
proto_166.erl	16685	砸蛋活动日志
proto_166.erl	16686	活动置换
proto_166.erl	16687	活动红点
proto_166.erl	16688	杂货铺信息
proto_166.erl	16689	杂货铺购买(购买成功推送16688)
proto_166.erl	16690	松果宝藏活动信息
proto_166.erl	16691	松果刷新
proto_166.erl	16692	购买松果币
proto_166.erl	16693	购买松果物品
proto_166.erl	16694	打开松果
proto_166.erl	16695	嘉年华领取礼包码奖励
proto_166.erl	16696	新春限购重置
proto_166.erl	16697	图标控制
proto_166.erl	16698	领奖
proto_167.erl	16700	获取充值列表信息
proto_167.erl	16705	月卡信息
proto_167.erl	16706	领取月卡
proto_167.erl	16707	月卡额外奖励情况
proto_167.erl	16708	领取月卡额外奖励
proto_167.erl	16710	VIP信息
proto_167.erl	16711	VIP等级奖励领取
proto_167.erl	16712	累充奖励信息
proto_167.erl	16713	领取累充奖励
proto_168.erl	16800	屏幕下方提示
proto_168.erl	16801	请求战斗外buff
proto_168.erl	16802	清除战斗外buff
proto_169.erl	16900	基本信息
proto_169.erl	16901	任务信息
proto_169.erl	16902	更新(新增)任务信息
proto_169.erl	16903	提交任务
proto_169.erl	16904	升级处理
proto_198.erl	19800	个人邀请码
proto_198.erl	19801	绑定邀请码
proto_198.erl	19802	绑定角色列表
proto_198.erl	19803	(无标题)
proto_198.erl	19804	奖励信息
proto_198.erl	19805	奖励领取
proto_198.erl	19806	是否查看过邀请码
proto_198.erl	19807	自己所绑定的角色
proto_198.erl	19810	绑定回归码
proto_198.erl	19811	回归奖励信息
proto_198.erl	19812	回归奖励领取
proto_199.erl	19901	获取个人录像记录
proto_199.erl	19902	获取公共录像记录
proto_199.erl	19903	点赞
proto_199.erl	19904	收集
proto_199.erl	19905	分享
proto_199.erl	19906	角色基本信息
proto_199.erl	19907	获取伙伴信息数据
proto_199.erl	19908	点击查看聊天分享
proto_200.erl	20000	战斗初始化数据
proto_200.erl	20001	战斗准备
proto_200.erl	20002	回合开始
proto_200.erl	20004	使用技能的战斗播报
proto_200.erl	20005	客户端播放完成
proto_200.erl	20006	战斗结果
proto_200.erl	20008	退出战斗
proto_200.erl	20009	退出战斗(用于神装副本退出1队使用)
proto_200.erl	20013	战斗重连
proto_200.erl	20014	战斗切磋请求
proto_200.erl	20015	同不同意切磋
proto_200.erl	20016	确认切磋
proto_200.erl	20019	回合开始播放完成
proto_200.erl	20020	下一波怪物
proto_200.erl	20022	改变战斗的播放速度
proto_200.erl	20026	地图加载完成
proto_200.erl	20027	推送战斗单位数据
proto_200.erl	20028	重连准备好了
proto_200.erl	20029	观看战斗录像
proto_200.erl	20030	请求战斗状态
proto_200.erl	20033	切磋的结算
proto_200.erl	20034	录像分享
proto_200.erl	20036	跨服查看录像的协议
proto_200.erl	20037	观战
proto_200.erl	20038	退出观战
proto_200.erl	20039	观战初始化
proto_200.erl	20040	退出观战的通知协议
proto_200.erl	20060	请求指定战斗类型
proto_200.erl	20061	进入指定战斗类型假战斗
proto_200.erl	20062	跳过战斗
proto_200.erl	20063	当前所有战斗类型
proto_202.erl	20200	个人信息
proto_202.erl	20201	挑战列表
proto_202.erl	20202	获取挑战玩家信息
proto_202.erl	20203	挑战玩家
proto_202.erl	20204	查看对方英雄信息（成功会返回11061）
proto_202.erl	20206	刷新列表
proto_202.erl	20207	购买挑战次数
proto_202.erl	20208	挑战次数奖励信息
proto_202.erl	20209	领取挑战次数奖励
proto_202.erl	20210	(无标题)
proto_202.erl	20220	前三排行榜信息
proto_202.erl	20221	排行榜信息
proto_202.erl	20222	日志记录
proto_202.erl	20223	防守失败标识
proto_202.erl	20250	赛程整体实时状态信息
proto_202.erl	20251	个人基本信息
proto_202.erl	20252	我的比赛信息
proto_202.erl	20253	竞猜信息
proto_202.erl	20254	竞猜押注
proto_202.erl	20255	我的竞猜信息
proto_202.erl	20256	上次比赛结果信息(返回打开窗口，否则不用)
proto_202.erl	20257	(无标题)
proto_202.erl	20258	我的PK信息
proto_202.erl	20260	获取32强信息
proto_202.erl	20261	获取4强信息
proto_202.erl	20262	获取32/4强竞猜位置
proto_202.erl	20263	获取32/4强指定位置对战信息
proto_202.erl	20280	前三排行榜信息
proto_202.erl	20281	排行榜信息
proto_202.erl	20282	冠军信息弹窗
proto_203.erl	20300	活跃宝箱信息
proto_203.erl	20301	(无标题)
proto_205.erl	20500	个人BOSS信息
proto_205.erl	20501	挑战个人BOSS
proto_205.erl	20502	扫荡个人BOSS
proto_205.erl	20530	世界BOSS个人信息
proto_205.erl	20531	购买挑战次数
proto_205.erl	20532	挑战世界BOSS
proto_205.erl	20533	刷新复活世界BOSS
proto_205.erl	20535	世界BOSS信息
proto_205.erl	20536	刷新指定BOSS信息
proto_205.erl	20537	BOSS伤害排行
proto_205.erl	20538	BOSS击杀记录
proto_205.erl	20539	(无标题)
proto_205.erl	20540	已设置提醒的BOSS信息
proto_205.erl	20541	设置提醒的BOSS信息
proto_205.erl	20542	推送BOSS结算
proto_206.erl	20600	基本信息
proto_206.erl	20601	BUFF信息
proto_206.erl	20602	房间信息
proto_206.erl	20603	服务端通知更新指定房间信息
proto_206.erl	20604	获取当前伙伴信息数据
proto_206.erl	20605	设置上阵伙伴信息
proto_206.erl	20606	背包内容
proto_206.erl	20607	技能使用
proto_206.erl	20608	探索指定房间
proto_206.erl	20609	技能信息
proto_206.erl	20610	选择伙伴
proto_206.erl	20611	请求单位房间列表
proto_206.erl	20612	(无标题)
proto_206.erl	20620	事件操作
proto_206.erl	20621	(无标题)
proto_206.erl	20623	(无标题)
proto_206.erl	20624	(无标题)
proto_206.erl	20625	(无标题)
proto_206.erl	20627	(无标题)
proto_206.erl	20628	(无标题)
proto_206.erl	20630	(无标题)
proto_206.erl	20631	(无标题)
proto_206.erl	20632	(无标题)
proto_206.erl	20633	购买神秘商品
proto_206.erl	20634	奖励展示
proto_206.erl	20635	领取通关奖励
proto_206.erl	20636	购买驱魂药剂
proto_206.erl	20640	矿脉基础协议
proto_206.erl	20641	矿脉信息
proto_206.erl	20642	(无标题)
proto_206.erl	20643	挑战矿脉
proto_206.erl	20644	日志记录
proto_206.erl	20646	改变布阵
proto_206.erl	20647	矿战挑战次数奖励
proto_206.erl	20648	领取矿战挑战次数奖励
proto_206.erl	20649	(无标题)
proto_206.erl	20651	放弃占领
proto_206.erl	20652	(无标题)
proto_206.erl	20653	(无标题)
proto_206.erl	20654	购买旷工
proto_206.erl	20655	购买次数
proto_206.erl	20656	反击
proto_206.erl	20657	红点情况
proto_206.erl	20658	(无标题)
proto_206.erl	20659	矿战红点情况
proto_206.erl	20660	战斗结束时放弃占领
proto_207.erl	20700	基本信息
proto_207.erl	20701	列表信息
proto_207.erl	20702	挑战
proto_207.erl	20703	挑战日志信息
proto_207.erl	20705	(无标题)
proto_207.erl	20706	是否显示红点
proto_210.erl	21000	首充礼包信息
proto_210.erl	21001	领取首充礼包
proto_210.erl	21002	今日充值次数
proto_210.erl	21003	打开首充面板
proto_210.erl	21004	一键试玩
proto_210.erl	21005	三倍返利信息
proto_210.erl	21006	每日礼包信息
proto_210.erl	21007	循环礼包信息
proto_210.erl	21008	每日奖励情况
proto_210.erl	21009	领取每日奖励
proto_210.erl	21010	每日首充情况
proto_210.erl	21011	领取每日首充奖励
proto_210.erl	21012	新首充礼包信息
proto_210.erl	21013	领取新首充礼包
proto_210.erl	21014	自选英雄
proto_210.erl	21015	推送开启每日礼包
proto_210.erl	21016	是否能充值
proto_210.erl	21020	是否能显示代金劵图标
proto_210.erl	21021	是否能显示周循环礼包
proto_210.erl	21022	礼包商店开启的商城id
proto_210.erl	21023	周月循环0元礼包购买
proto_210.erl	21024	商业区红点
proto_211.erl	21100	请求信息
proto_211.erl	21101	(无标题)
proto_212.erl	21200	请求等级好礼信息
proto_212.erl	21201	领取等级好礼(领取成功推送 21200)
proto_212.erl	21210	请求星级限时好礼信息
proto_212.erl	21211	推送激活星级限时好礼弹窗
proto_213.erl	21300	请求联盟副本信息
proto_213.erl	21303	请求联盟章节宝箱
proto_213.erl	21304	领取联盟章节宝箱
proto_213.erl	21305	加buff
proto_213.erl	21308	挑战联盟副本
proto_213.erl	21309	(无标题)
proto_213.erl	21312	请求购买挑战次数
proto_213.erl	21317	扫荡
proto_213.erl	21318	请求联盟副本伤害联盟排行榜
proto_213.erl	21319	请求联盟副本伤害个人排行榜
proto_213.erl	21320	请求联盟章节首通奖励
proto_213.erl	21321	领取联盟章节首通奖励
proto_213.erl	21322	推送双倍时间开启
proto_213.erl	21323	发起集结
proto_214.erl	21401	报名
proto_214.erl	21403	报名状态
proto_214.erl	21409	(无标题)
proto_214.erl	21410	当前战场角色信息
proto_214.erl	21411	(无标题)
proto_214.erl	21412	(无标题)
proto_214.erl	21413	(无标题)
proto_214.erl	21415	(无标题)
proto_214.erl	21416	(无标题)
proto_214.erl	21420	(无标题)
proto_214.erl	21421	使用技能
proto_214.erl	21425	(无标题)
proto_214.erl	21426	(无标题)
proto_214.erl	21427	领取次数奖励
proto_215.erl	21500	头像框列表
proto_215.erl	21501	使用头像框
proto_215.erl	21502	更新头像框数据
proto_215.erl	21503	激活头像框
proto_215.erl	21504	获取属性加成信息
proto_221.erl	22100	请求跨服时空信息
proto_221.erl	22101	领取跨服阶段奖励
proto_221.erl	22150	动态跨服信息
proto_222.erl	22200	圣物信息
proto_222.erl	22201	(无标题)
proto_222.erl	22202	激活
proto_222.erl	22203	升级
proto_222.erl	22204	进阶
proto_222.erl	22205	(无标题)
proto_227.erl	22700	七天排行列表
proto_227.erl	22701	七天排行信息
proto_227.erl	22702	更新任务进度
proto_227.erl	22703	已接任务列表
proto_227.erl	22704	领取任务奖励
proto_231.erl	23100	基础数据信息
proto_231.erl	23101	格子数据信息
proto_231.erl	23102	格子数据更新
proto_231.erl	23103	移动进入指定格子，需接收到成功后方可移动
proto_231.erl	23104	操作指定格子事件
proto_231.erl	23105	进入副本
proto_231.erl	23106	进入层数
proto_231.erl	23107	租借英雄信息
proto_231.erl	23108	事件信息返回
proto_231.erl	23109	获取对方阵容信息
proto_231.erl	23110	战斗结果
proto_231.erl	23111	对话Id
proto_231.erl	23112	背包信息
proto_231.erl	23113	背包新增（更新）信息
proto_231.erl	23114	背包删除信息
proto_231.erl	23115	英雄背包
proto_231.erl	23116	查看租借英雄详细信息
proto_231.erl	23117	获得首通奖励
proto_231.erl	23118	buff背包
proto_231.erl	23119	回血事件英雄变换
proto_231.erl	23120	计算变阵后总战力
proto_231.erl	23121	保存阵法
proto_231.erl	23122	请求阵法
proto_231.erl	23123	上报日志
proto_232.erl	23200	请求召唤信息
proto_232.erl	23201	召唤
proto_232.erl	23202	更新召唤通用信息
proto_232.erl	23203	领取召唤分享奖励
proto_232.erl	23204	更新单个召唤卡库信息
proto_232.erl	23210	请求召唤福利活动数据
proto_232.erl	23211	领取召唤福利活动
proto_232.erl	23212	推送新卡库开启(用于召唤福利红点)
proto_232.erl	23213	先知殿召唤
proto_232.erl	23214	置换当前状态
proto_232.erl	23215	置换英雄
proto_232.erl	23216	请求活动召唤信息
proto_232.erl	23217	活动召唤
proto_232.erl	23218	领取保底礼包（成功推送23216）
proto_232.erl	23219	英雄试玩
proto_232.erl	23220	请求活动召唤信息
proto_232.erl	23221	活动召唤
proto_232.erl	23222	领取保底礼包（成功推送23220）
proto_233.erl	23300	称号列表
proto_233.erl	23301	使用称号
proto_233.erl	23302	更新称号数据
proto_233.erl	23303	激活称号
proto_234.erl	23400	请求战力礼包信息
proto_234.erl	23402	战力礼包标签页状态
proto_234.erl	23403	领取战力礼包
proto_235.erl	23500	获取金币市场指定分类的数据
proto_235.erl	23501	购买金币市场物品
proto_235.erl	23502	出售金币市场物品
proto_235.erl	23504	银币市场物品上架
proto_235.erl	23505	购买银币市场物品
proto_235.erl	23506	银币市场物品下架
proto_235.erl	23507	获取银币市场摊位信息
proto_235.erl	23508	查询银币市场物品价格
proto_235.erl	23509	银币市场刷新
proto_235.erl	23511	银币市场提取摊位收益
proto_235.erl	23512	银币市场开放摊位
proto_235.erl	23513	银币市场重新上架
proto_235.erl	23514	银币市场一键操作
proto_235.erl	23516	查询市场、商城物品价格
proto_235.erl	23518	更新金币市场分类的数据
proto_235.erl	23519	银币市场通知客户端提现
proto_235.erl	23520	金币市场获取玩家限购数据
proto_236.erl	23600	资产兑换
proto_236.erl	23601	神格许愿状态
proto_236.erl	23602	领取礼包
proto_236.erl	23603	神格许愿
proto_236.erl	23604	额外兑换比例
proto_236.erl	23606	点金信息
proto_236.erl	23607	点金购买
proto_237.erl	23700	获取指定职业的联盟技能信息
proto_237.erl	23701	激活技能
proto_237.erl	23702	更新当前分组技能信息
proto_237.erl	23703	联盟技能概要信息
proto_237.erl	23704	联盟技能重置返还材料
proto_237.erl	23705	联盟技能重置
proto_238.erl	23800	联盟远航信息
proto_238.erl	23801	推送刷新订单数据
proto_238.erl	23802	接取订单
proto_238.erl	23803	完成订单
proto_238.erl	23804	刷新
proto_238.erl	23805	是否活动期间
proto_238.erl	23806	一键领取
proto_239.erl	23900	推送基础信息
proto_239.erl	23901	挑战无尽
proto_239.erl	23902	战斗界面信息
proto_239.erl	23903	首通奖励展示
proto_239.erl	23904	领取通关奖励
proto_239.erl	23905	已派出伙伴信息
proto_239.erl	23906	已雇佣伙伴信息
proto_239.erl	23907	可雇佣伙伴列表信息
proto_239.erl	23908	派出伙伴
proto_239.erl	23909	雇佣伙伴
proto_239.erl	23910	BUFF列表
proto_239.erl	23911	BUFF选择
proto_240.erl	24000	护送数据
proto_240.erl	24001	刷新护送品质
proto_240.erl	24002	发起护送
proto_240.erl	24003	快速完成
proto_240.erl	24004	领取护送奖励
proto_240.erl	24005	推送可掠夺信息变更
proto_240.erl	24006	自身护送基础数据
proto_240.erl	24010	请求掠夺信息
proto_240.erl	24011	掠夺
proto_240.erl	24012	掠夺结算
proto_240.erl	24013	掠夺日志
proto_240.erl	24014	日志掠夺信息
proto_240.erl	24015	反击
proto_240.erl	24017	求助
proto_240.erl	24018	推送掠夺日志更新
proto_240.erl	24019	请求下一批可掠夺数据
proto_240.erl	24020	推送双倍时间开启
proto_241.erl	24100	请求圣器数据
proto_241.erl	24101	圣器进阶
proto_241.erl	24103	圣技升级
proto_241.erl	24104	圣印使用
proto_241.erl	24106	领取奖励
proto_241.erl	24107	更新圣器
proto_241.erl	24108	激活圣器
proto_241.erl	24109	已领取奖励列表
proto_241.erl	24120	任务信息
proto_241.erl	24121	任务信息更新
proto_241.erl	24122	提交任务
proto_241.erl	24123	圣器重铸
proto_241.erl	24124	第一次打开圣器界面
proto_241.erl	24125	请求神器幻化数据
proto_241.erl	24126	更新幻化数据
proto_241.erl	24127	激活幻化
proto_241.erl	24128	幻化任务信息
proto_241.erl	24129	幻化任务信息更新
proto_241.erl	24130	提交幻化任务
proto_241.erl	24131	解锁幻化神器
proto_241.erl	24132	穿戴幻化神器
proto_241.erl	24133	幻化过期
proto_241.erl	24135	神器精炼
proto_242.erl	24200	联盟战详细信息
proto_242.erl	24201	当前防守信息
proto_242.erl	24202	发起战斗
proto_242.erl	24203	(无标题)
proto_242.erl	24204	联盟战状态(有联盟才处理)
proto_242.erl	24205	请求联盟战对战信息
proto_242.erl	24206	推送联盟战防御塔状态改变
proto_242.erl	24207	推送联盟战总星数变化
proto_242.erl	24208	查看本联盟防御阵信息
proto_242.erl	24209	查看联盟战阵地防守日志
proto_242.erl	24210	推送有新的日志
proto_242.erl	24212	进攻日志
proto_242.erl	24213	战绩排行榜
proto_242.erl	24214	推送联盟战结果
proto_242.erl	24220	联盟战宝箱数据
proto_242.erl	24221	领取联盟战宝箱数据
proto_242.erl	24223	推送联盟战宝箱数据被领取
proto_243.erl	24300	个人信息
proto_243.erl	24301	挑战列表
proto_243.erl	24302	获取挑战玩家信息
proto_243.erl	24303	挑战玩家
proto_243.erl	24304	刷新列表
proto_243.erl	24305	购买挑战次数
proto_243.erl	24306	一键挑战
proto_243.erl	24307	(无标题)
proto_243.erl	24308	前三排行榜信息
proto_243.erl	24309	排行榜信息
proto_243.erl	24310	日志记录
proto_243.erl	24311	大神风采
proto_243.erl	24312	推送活动是否开启
proto_243.erl	24313	推送英雄殿红点
proto_243.erl	24314	推送战报红点
proto_243.erl	24315	清除冷却时间
proto_243.erl	24316	查看对方英雄信息（成功返回11061）
proto_243.erl	24317	推送挑战次数红点
proto_243.erl	24318	天梯录像分享
proto_244.erl	24400	请求远征数据
proto_244.erl	24401	获取关卡守将信息
proto_244.erl	24402	领取关卡宝箱
proto_244.erl	24403	挑战
proto_244.erl	24405	我的支援
proto_244.erl	24406	支援我的
proto_244.erl	24407	派出伙伴
proto_244.erl	24408	雇佣伙伴
proto_244.erl	24409	上阵伙伴信息
proto_244.erl	24410	是否显示红点（是否可以挑战的）
proto_244.erl	24411	派遣是否显示红点
proto_244.erl	24412	选择远征难度
proto_244.erl	24413	(无标题)
proto_244.erl	24414	自动扫荡结算
proto_244.erl	24415	远征日志记录
proto_245.erl	24500	特权激活情况
proto_245.erl	24501	购买礼包
proto_245.erl	24502	礼包情况
proto_246.erl	24600	调查问卷状态
proto_246.erl	24601	获取答卷基本内容
proto_246.erl	24602	获取答卷题目信息
proto_246.erl	24603	答卷
proto_246.erl	24604	领取奖励
proto_247.erl	24700	当前开启的基金
proto_247.erl	24701	推送基础信息
proto_247.erl	24702	领取基金
proto_247.erl	24703	基金红点状态
proto_248.erl	24801	请求元宵灯会基础信息
proto_248.erl	24802	元宵灯会奖池信息
proto_248.erl	24803	元宵灯会抽奖
proto_248.erl	24804	欢食元宵基础信息
proto_248.erl	24805	通关奖励展示
proto_248.erl	24806	制作物品（成功推送24804）
proto_248.erl	24807	领取等级礼包（成功推送24805）
proto_248.erl	24808	挑战副本
proto_248.erl	24809	购买挑战副本次数
proto_248.erl	24810	元宵冒险任务信息
proto_248.erl	24811	推送任务变化
proto_248.erl	24812	任务领取
proto_248.erl	24813	元宵冒险1(Bid:93031)任务信息
proto_248.erl	24814	元宵冒险1(Bid:93031)任务领取
proto_248.erl	24815	元宵冒险2(Bid:93032)任务信息
proto_248.erl	24816	元宵冒险2(Bid:93032)任务领取
proto_248.erl	24817	元宵冒险3(Bid:93033)任务信息
proto_248.erl	24818	元宵冒险3(Bid:93033)任务领取
proto_249.erl	24900	请求精英赛基础信息
proto_249.erl	24901	请求对手信息
proto_249.erl	24902	请求匹配对手
proto_249.erl	24903	挑战对手
proto_249.erl	24904	购买匹配次数
proto_249.erl	24905	请求精英赛是否开战
proto_249.erl	24906	精英赛战斗结算
proto_249.erl	24910	请求精英赛各个赛季战区信息
proto_249.erl	24911	请求精英赛历史赛季排行榜
proto_249.erl	24915	请求精英赛领取等级奖励
proto_249.erl	24920	请求精英赛功能阵法
proto_249.erl	24921	设置精英赛功能阵法
proto_249.erl	24930	精英赛个人日志
proto_249.erl	24931	精英赛日志详情
proto_249.erl	24940	个人精英战数据记录
proto_249.erl	24941	精英赛战绩分享协议
proto_249.erl	24942	精英赛查看分享协议
proto_249.erl	24945	查看精英赛宣言
proto_249.erl	24946	保存精英赛宣言
proto_249.erl	24950	客户端播报宣言完成
proto_249.erl	24951	请求
proto_249.erl	24952	段位赛战令基本信息
proto_249.erl	24953	一键领取等级礼包（成功推送24952）
proto_249.erl	24954	周期重置红点
proto_249.erl	24955	是否要弹窗
proto_250.erl	25000	推送基础信息
proto_250.erl	25001	挑战
proto_250.erl	25002	扫荡
proto_250.erl	25003	购买挑战次数
proto_250.erl	25004	挑战次数刷新
proto_250.erl	25005	挑战更新
proto_251.erl	25100	限时招募信息
proto_251.erl	25101	限时招募领取奖励
proto_252.erl	25200	天界副本章节奖励信息
proto_252.erl	25201	章节副本信息
proto_252.erl	25203	推送章节奖励信息变化
proto_252.erl	25204	推送章节副本信息变化
proto_252.erl	25205	挑战副本
proto_252.erl	25206	推送战斗结算
proto_252.erl	25207	购买挑战次数
proto_252.erl	25208	扫荡
proto_252.erl	25210	请求神装副本功能阵法
proto_252.erl	25211	设置神装副本功能阵法
proto_252.erl	25215	领取章节奖励
proto_252.erl	25216	推送是否还有战斗
proto_252.erl	25217	神装抽奖
proto_252.erl	25218	抽奖日志
proto_252.erl	25219	抽奖状态
proto_252.erl	25220	当前神装套装状态
proto_252.erl	25221	新增神装套装
proto_252.erl	25222	更新某个神装套装状态
proto_252.erl	25223	购买新的格子
proto_252.erl	25224	应用方案到英雄
proto_253.erl	25300	任务信息
proto_253.erl	25301	任务信息更新
proto_253.erl	25302	提交任务
proto_253.erl	25303	等级奖励展示
proto_253.erl	25304	领取等级礼包（成功推送25303）
proto_253.erl	25305	等级变更（只会主动推）
proto_253.erl	25306	进阶卡情况
proto_253.erl	25307	购买等级（成功推送25305）
proto_253.erl	25308	领取额外奖励（成功推25306）
proto_253.erl	25309	是否要弹窗
proto_254.erl	25400	活动boss活动界面数据
proto_254.erl	25401	活动boss信息
proto_254.erl	25402	购买挑战次数
proto_254.erl	25403	领取奖励
proto_254.erl	25404	挑战活动boss
proto_254.erl	25405	推送战斗结算（会推送25401）
proto_254.erl	25410	活动boss信息
proto_254.erl	25411	购买挑战次数
proto_254.erl	25412	领取奖励
proto_254.erl	25413	挑战活动boss
proto_254.erl	25414	当前伙伴已使用次数
proto_255.erl	25500	神装商店信息
proto_256.erl	25600	个人信息
proto_256.erl	25601	挑战列表
proto_256.erl	25602	获取挑战玩家信息
proto_256.erl	25603	看对方英雄信息（成功返回11061）
proto_256.erl	25604	设置阵法
proto_256.erl	25605	请求阵法
proto_256.erl	25606	挑战玩家
proto_256.erl	25607	挑战次数奖励信息
proto_256.erl	25608	领取挑战次数奖励
proto_256.erl	25609	刷新列表
proto_256.erl	25610	推送活动是否开启
proto_256.erl	25611	战斗结算
proto_256.erl	25612	翻牌当前状态
proto_256.erl	25613	翻牌（成功返回25612）
proto_256.erl	25614	前三排行榜信息
proto_256.erl	25615	排行榜信息
proto_256.erl	25616	个人日志
proto_256.erl	25617	日志详情
proto_256.erl	25618	红点情况
proto_257.erl	25700	夺宝信息
proto_257.erl	25701	夺宝购买
proto_257.erl	25702	当前夺宝开奖信息
proto_257.erl	25703	请求全部中奖日志
proto_257.erl	25704	请求个人记录日志
proto_258.erl	25800	设置城市信息
proto_258.erl	25801	关注/取消关注
proto_258.erl	25802	排行榜
proto_258.erl	25805	设置徽章使用
proto_258.erl	25806	请求所有徽章
proto_258.erl	25807	推送徽章激活
proto_258.erl	25810	已接成就列表
proto_258.erl	25811	已接成就列表
proto_258.erl	25812	(无标题)
proto_258.erl	25813	(无标题)
proto_258.erl	25814	(无标题)
proto_258.erl	25815	徽章分享
proto_258.erl	25816	查看徽章分享
proto_258.erl	25817	成就分享
proto_258.erl	25818	查看成就分享
proto_258.erl	25819	荣誉分享
proto_258.erl	25820	查看荣誉分享
proto_258.erl	25830	查看成长之路
proto_258.erl	25831	成长之路分享
proto_258.erl	25832	查看成长之路分享
proto_258.erl	25833	成长之路嘉年华数据
proto_258.erl	25835	留言板留言
proto_258.erl	25836	留言板留言回复
proto_258.erl	25837	留言板留言信息
proto_258.erl	25838	删除留言板信息
proto_258.erl	25839	设置留言板回复权限
proto_258.erl	25840	点击自身留言板灯泡或主动打开空间留言板后请求(用于后端计算灯泡提示)
proto_258.erl	25841	新增留言推送
proto_259.erl	25900	回归基础信息
proto_259.erl	25901	回归特权礼包
proto_259.erl	25910	回归任务信息
proto_259.erl	25911	推送任务变化
proto_259.erl	25912	任务奖励领取
proto_259.erl	25913	回归商店信息
proto_259.erl	25914	回归商店购买(购买成功推送25913)
proto_259.erl	25915	请求回归签到信息
proto_259.erl	25916	(无标题)
proto_259.erl	25917	超值特惠购买次数信息
proto_259.erl	25918	超值特惠0元购买
proto_259.erl	25919	活动红点
proto_259.erl	25920	回归邀请码
proto_259.erl	25921	推送打开邀请码界面
proto_260.erl	26001	(无标题)
proto_260.erl	26002	家具摆放
proto_260.erl	26003	访问别人家园
proto_260.erl	26004	形象信息
proto_260.erl	26005	形象使用
proto_260.erl	26006	形象购买
proto_260.erl	26007	初始设置形象（用于引导）
proto_260.erl	26008	(无标题)
proto_260.erl	26009	(无标题)
proto_260.erl	26010	(无标题)
proto_260.erl	26011	改家园名
proto_260.erl	26012	(无标题)
proto_260.erl	26013	(无标题)
proto_260.erl	26014	领取套装奖励
proto_260.erl	26015	(无标题)
proto_260.erl	26016	领取家园挂机奖励
proto_260.erl	26017	第一次进入家园
proto_260.erl	26018	是否有红点（仅客户端上线请求）
proto_260.erl	26019	(无标题)
proto_260.erl	26020	排行榜
proto_260.erl	26021	设置主居室
proto_261.erl	26100	宠物出行基础信息
proto_261.erl	26101	请求精力值
proto_261.erl	26102	宠物改名
proto_261.erl	26103	宠物交互
proto_261.erl	26104	宠物交互支付道具
proto_261.erl	26105	宠物事件
proto_261.erl	26106	宠物事件奖励领取
proto_261.erl	26107	行囊设置
proto_261.erl	26108	宠物事件推送
proto_261.erl	26109	获取本次出行所有事件
proto_261.erl	26110	请求珍宝图鉴数据
proto_261.erl	26111	请求相册/日记数据
proto_261.erl	26112	增加相册/日记数据
proto_261.erl	26113	删除相册/日记数据
proto_262.erl	26200	赛程整体实时状态信息
proto_262.erl	26201	个人基本信息
proto_262.erl	26202	我的比赛信息
proto_262.erl	26203	竞猜信息
proto_262.erl	26204	竞猜押注
proto_262.erl	26205	我的竞猜信息
proto_262.erl	26206	上次比赛结果信息(返回打开窗口，否则不用)
proto_262.erl	26207	(无标题)
proto_262.erl	26208	我的PK信息
proto_262.erl	26209	获取32强信息
proto_262.erl	26210	获取4强信息
proto_262.erl	26211	获取32/4强竞猜位置
proto_262.erl	26212	获取32/4强指定位置对战信息
proto_262.erl	26213	前三排行榜信息
proto_262.erl	26214	排行榜信息
proto_262.erl	26215	冠军信息弹窗
proto_262.erl	26216	参与了冠军赛（用于成就触发）
proto_263.erl	26300	个人推送礼包基础信息
proto_263.erl	26301	是否匹配到个推礼包
proto_264.erl	26400	共鸣石碑信息
proto_264.erl	26401	共鸣石碑上阵/下阵 (成功推送26400)
proto_264.erl	26402	共鸣石碑升级(成功推送26400)
proto_264.erl	26410	共鸣石碑提炼信息
proto_264.erl	26411	设置共鸣石碑提炼(成功推送26410)
proto_264.erl	26412	取消共鸣石碑提炼(成功推送26410)
proto_264.erl	26413	共鸣石碑提炼收获(成功推送26410)
proto_264.erl	26414	共鸣石碑提炼点击红点
proto_264.erl	26420	当前可共鸣到的星级（改变石碑布阵会主动推）
proto_264.erl	26421	共鸣赋能
proto_264.erl	26422	所有已学的天赋技能
proto_264.erl	26423	计算赋能英雄战力
proto_264.erl	26424	(无标题)
proto_265.erl	26500	请求精灵孵化信息
proto_265.erl	26501	推送孵化数据变化
proto_265.erl	26502	孵化器升级
proto_265.erl	26503	开始孵化(成功推送26501)
proto_265.erl	26504	加速孵化(成功推送26501)
proto_265.erl	26505	终止孵化(成功推送26501)
proto_265.erl	26506	领取孵化奖励(成功推送26501)
proto_265.erl	26507	购买精灵道具
proto_265.erl	26508	精炼合成
proto_265.erl	26509	请求精灵图鉴
proto_265.erl	26510	请求精灵古树信息
proto_265.erl	26511	精灵古树升级（成功推送26510）
proto_265.erl	26512	精灵古树进阶（成功推送26510）
proto_265.erl	26513	古树布置精灵（成功推送26510）
proto_265.erl	26514	古树布置精灵（成功推送26510）
proto_265.erl	26520	推送新增图鉴
proto_265.erl	26521	请求精灵抽奖信息
proto_265.erl	26522	精灵抽奖
proto_265.erl	26523	领取保底礼包（成功推送26521）
proto_265.erl	26525	精灵抽奖结果
proto_265.erl	26530	精灵重生
proto_266.erl	26600	不放回抽奖
proto_266.erl	26601	获得当前次数
proto_266.erl	26602	不放回抽奖奖品播报
proto_267.erl	26700	开学副本基础信息
proto_267.erl	26701	关卡购买挑战次数
proto_267.erl	26702	挑战关卡怪物
proto_267.erl	26703	(无标题)
proto_267.erl	26704	提交试卷
proto_267.erl	26705	试卷收集进度信息
proto_267.erl	26706	领取试卷收集奖励
proto_267.erl	26707	挑战Boss
proto_267.erl	26708	(无标题)
proto_267.erl	26709	扫荡Boss
proto_267.erl	26710	Boss伤害个人排行榜
proto_267.erl	26711	开学副本基础信息
proto_267.erl	26712	购买准考证
proto_268.erl	26800	公会秘境基础信息
proto_268.erl	26801	公会秘境设置Boss
proto_268.erl	26802	挑战公会秘境Boss
proto_268.erl	26803	购买挑战次数
proto_268.erl	26804	领取阶段奖励
proto_268.erl	26805	扫荡公会秘境Boss
proto_268.erl	26806	获得秘境Boss排行榜
proto_268.erl	26807	讨伐开始弹窗
proto_268.erl	26808	boss结算界面
proto_268.erl	26809	Boss战斗结果
proto_268.erl	26810	公会活跃度
proto_269.erl	26900	宝库信息
proto_269.erl	26901	出售商品
proto_269.erl	26902	购买商品
proto_269.erl	26903	公告信息
proto_269.erl	26904	增加物品推送
proto_269.erl	26905	物品变化推送
proto_269.erl	26906	删除物品推送
proto_270.erl	27000	花火大会基本信息
proto_270.erl	27001	燃放烟花
proto_270.erl	27002	(刷新)红包界面信息
proto_270.erl	27003	领取/查看红包
proto_270.erl	27004	是否有红包可领
proto_270.erl	27005	是否弹窗提示
proto_270.erl	27006	红包传闻信息
proto_270.erl	27007	领取积分进度奖励
proto_270.erl	27008	全服烟花特效
proto_271.erl	27100	奇遇冒险情况
proto_271.erl	27101	领取奖励
proto_271.erl	27102	请求拥有的全部图鉴
proto_271.erl	27103	奇遇翻页
proto_271.erl	27104	答题选项
proto_272.erl	27200	请求队伍信息
proto_272.erl	27201	创建队伍
proto_272.erl	27202	申请入队
proto_272.erl	27203	获取申请入队列表
proto_272.erl	27204	回应入队申请
proto_272.erl	27205	邀请入队
proto_272.erl	27206	获取邀请列表
proto_272.erl	27207	回应邀请入队信息
proto_272.erl	27208	一键清除邀请列表
proto_272.erl	27210	搜索队伍
proto_272.erl	27211	退队
proto_272.erl	27212	踢出玩家
proto_272.erl	27213	移交队长
proto_272.erl	27215	登录红点
proto_272.erl	27216	一键申请入队
proto_272.erl	27220	我的队伍信息
proto_272.erl	27221	我的队伍详情
proto_272.erl	27222	推送队伍事件
proto_272.erl	27223	排行榜数据
proto_272.erl	27224	领取次数奖励
proto_272.erl	27225	修改队伍信息
proto_272.erl	27226	修改队伍名
proto_272.erl	27227	队员在线情况变更推送
proto_272.erl	27228	获取推荐玩家
proto_272.erl	27229	搜索指定玩家
proto_272.erl	27240	报名参赛
proto_272.erl	27241	取消报名参赛
proto_272.erl	27242	调整阵容出场顺序
proto_272.erl	27243	请求队伍布阵信息
proto_272.erl	27250	刷新对手
proto_272.erl	27251	请求对手数据
proto_272.erl	27252	挑战对手
proto_272.erl	27253	战斗结算
proto_272.erl	27255	战报日志
proto_272.erl	27256	战报记录详情
proto_273.erl	27300	合服目标信息
proto_273.erl	27301	领取奖励
proto_274.erl	27400	活动状态
proto_274.erl	27401	进入地图
proto_274.erl	27403	扔骰子
proto_274.erl	27404	触发事件
proto_274.erl	27405	猜拳结果
proto_274.erl	27406	第一次对话的问题id
proto_274.erl	27407	第一次对话答题
proto_274.erl	27408	大富翁buff情况
proto_274.erl	27409	弹tips加奖励
proto_274.erl	27410	获取对方阵容信息
proto_275.erl	27500	圣夜奇境信息
proto_275.erl	27501	挑战Boss
proto_275.erl	27502	查看个人排行榜
proto_275.erl	27503	获得boss阶段公会排行榜
proto_275.erl	27504	获得buff数据
proto_275.erl	27505	boss击败数
proto_275.erl	27506	战斗结果
proto_276.erl	27600	请求完成情况
proto_276.erl	27601	开始挑战
proto_276.erl	27602	请求进入
proto_276.erl	27603	点击阵法图标
proto_277.erl	27700	赛程整体实时状态信息
proto_277.erl	27701	个人基本信息
proto_277.erl	27702	我的比赛信息
proto_277.erl	27703	竞猜信息
proto_277.erl	27704	竞猜押注
proto_277.erl	27705	我的竞猜信息
proto_277.erl	27706	上次比赛结果信息(返回打开窗口，否则不用)
proto_277.erl	27707	竞猜押注实时更新
proto_277.erl	27708	我的PK信息
proto_277.erl	27709	获取晋级赛/64强信息
proto_277.erl	27710	获取8强信息
proto_277.erl	27711	获取竞猜位置
proto_277.erl	27712	获取指定位置对战信息
proto_277.erl	27713	旧赛季排行榜信息(只有前8名数据)
proto_277.erl	27714	本赛季排行榜信息
proto_277.erl	27715	冠军信息弹窗
proto_277.erl	27716	(无标题)
proto_277.erl	27720	请求精英赛各个赛季战区信息
proto_277.erl	27725	设置阵法
proto_277.erl	27726	请求阵法
proto_277.erl	27730	请求红点信息
proto_277.erl	27731	点击红点
proto_278.erl	27800	触发礼包信息
proto_278.erl	27801	0元礼包购买
proto_279.erl	27900	回归礼包信息
proto_279.erl	27901	领取回归礼包
proto_279.erl	27902	回归基础信息
proto_279.erl	27903	回归抽奖信息
proto_279.erl	27904	抽奖
proto_279.erl	27905	回归任务信息
proto_279.erl	27906	推送任务变化
proto_279.erl	27907	任务奖励领取
proto_279.erl	27908	回归签到信息
proto_279.erl	27909	领取回归签到奖励
proto_279.erl	27910	(刷新)红包界面信息
proto_279.erl	27911	领取/查看红包
proto_279.erl	27912	是否有红包可领
proto_279.erl	27913	红包传闻信息
proto_279.erl	27914	回归商店信息
proto_279.erl	27915	回归商店购买(购买成功推送27914)
proto_279.erl	27916	使用红包道具飘字
proto_280.erl	28000	个推触发礼包基础信息
proto_281.erl	28100	元旦充值返利基础信息
proto_281.erl	28101	点击充值
proto_281.erl	28102	活动红点
proto_281.erl	28103	点击活动图标
proto_282.erl	28200	基础数据信息
proto_282.erl	28201	格子数据信息
proto_282.erl	28202	移动进入指定格子，需接收到成功后方可移动
proto_282.erl	28203	操作指定格子事件
proto_282.erl	28204	进入地图
proto_282.erl	28205	事件信息返回
proto_282.erl	28206	背包信息
proto_282.erl	28207	背包新增（更新）信息
proto_282.erl	28208	背包删除信息
proto_282.erl	28209	战斗结果
proto_282.erl	28210	获取对方阵容信息
proto_282.erl	28211	提交贡品
proto_282.erl	28212	购买年兽挑战次数
proto_282.erl	28213	获得年兽排行榜
proto_282.erl	28214	红包领取情况
proto_282.erl	28215	限时年兽和金色年兽战斗前界面
proto_282.erl	28216	集字兑换
proto_282.erl	28217	集字兑换界面
proto_282.erl	28218	格子数据更新
proto_282.erl	28219	保存年兽表情
proto_282.erl	28220	个人年兽表情
proto_282.erl	28221	使用烟花
proto_282.erl	28222	交互玩家数据
proto_282.erl	28223	是否有红包事件
proto_283.erl	28300	抽奖基础信息
proto_283.erl	28301	奖励信息
proto_283.erl	28302	抽奖
proto_283.erl	28303	请求终极奖励可选列表
proto_283.erl	28305	选择终极奖励
proto_283.erl	28306	活动红点
proto_283.erl	28307	点击活动图标
proto_283.erl	28308	跳转到下一轮（成功推28300）
proto_284.erl	28400	新春锦鲤活动基础数据
proto_284.erl	28401	领取奖励
proto_284.erl	28402	活动红点
proto_284.erl	28403	点击活动图标
